"";"reg";"ano";"analf";"sup";"idoso";"informal";"pessoas";"fem";"branca";"preta";"parda";"rend_bruto";"ocupado";"horas";"reg_id"
"1";"Brasília";2011;0;0,725538607290504;0,0446065924446892;0,0680288922100461;3,36781062793877;0,532573896189334;0,575961477053272;0,0422248296476148;0,379467869429801;12689,9993736642;0,943700227136513;39,0648967584188;1
"2";"Brasília";2012;0,00219076782391371;0,722758042029503;0,0467788901921975;0,0809573758646535;3,43412728395958;0,516538179748282;0,568883604383897;0,0176514991403575;0,410431667205566;11908,3832832004;0,932546756963542;38,7071859300306;1
"3";"Brasília";2013;0,00202324709620654;0,740277615476313;0,0395842911607362;0,0658049027124064;3,2547337237659;0,491206107328628;0,560805747107285;0,0229192309389111;0,414528466442549;11561,2398620261;0,941270422112048;38,6877152649957;1
"4";"Brasília";2014;0,00164396856264119;0,759871847302714;0,028145228433796;0,0783087737246845;3,29069011027573;0,500398733038328;0,543897883858779;0,0258980639631316;0,423113484563849;10914,1909088934;0,942242579658462;38,6754032346646;1
"5";"Brasília";2015;0,00185034164325988;0,745445651661453;0,0467740009122289;0,0740781438105073;3,18492588880139;0,50071046389671;0,480369601090287;0,026362132888819;0,491698816352769;11773,8689398129;0,929255412385339;38,5591844362407;1
"6";"Brasília";2016;0,00124230249740825;0,796504094649981;0,0466399704178488;0,0714744217103602;3,10922673466206;0,509035662684619;0,410830452909602;0,0223214581206644;0,564540516702907;12161,996829391;0,923753891389898;38,6951057586578;1
"7";"Brazlândia";2009;0,0244104015592217;0,0724183222635572;0,0273181030339872;0,186722612245178;4,25215514873916;0,478659252480544;0,40905439466213;0,0940135628959581;0,494893228595364;2723,41009209551;0,79840183764837;43,2081441850302;2
"8";"Brazlândia";2010;0,0196512259806251;0,0610802924121451;0,0184848707972891;0,195482859638557;3,96536284333672;0,470727295446249;0,527332688803046;0,113237785004711;0,358237683836004;2751,55903906042;0,819700803446686;43,6905993697581;2
"9";"Brazlândia";2011;0,00939126624055326;0,0665998655243036;0,0198589708108942;0,157726799641158;4,0739440503682;0,490431852434661;0,490223951295105;0,101032170280455;0,40874387842444;2655,10896345107;0,828089524886994;42,5971926820242;2
"10";"Brazlândia";2012;0,0177070691660337;0,0885850057279277;0,0248137368475033;0,158660233802978;3,90631424634029;0,487774542373936;0,556025703505573;0,130408552485142;0,313565744009285;3072,93176827798;0,842068020476415;41,3142415897863;2
"11";"Brazlândia";2013;0,0169957228163851;0,102458795000233;0,0284040883416206;0,165319667524605;3,83853779696668;0,471867967964207;0,51290981853894;0,114480053168037;0,3711022215323;2956,40861861684;0,872662389701116;41,6611570320926;2
"12";"Brazlândia";2014;0,00794364766949856;0,119355354713953;0,019879115954963;0,15891345560796;3,88891751609424;0,490452999773986;0,485444659099233;0,123829505070021;0,390725835830746;3202,84083346168;0,8045376068341;42,3819716962805;2
"13";"Brazlândia";2015;0,0115628266254876;0,163726789446512;0,0250321243648328;0,160838345692666;3,86160739353833;0,430380395381598;0,585488660879928;0,092957872561994;0,321553466558078;3134,37675677616;0,822822657659401;40,874628399433;2
"14";"Brazlândia";2016;0,00512700692418856;0,154205387494929;0,0220834629764885;0,134036391688916;3,8570105640197;0,468460406642082;0,416130641937758;0,140915267720413;0,435373540979463;3111,514768671;0,758898870374546;41,0129834258484;2
"15";"Brazlândia";2017;0,0121028205819067;0,162891364667496;0,0170051338509827;0,149022253236143;3,71743703962214;0,483656651959919;0,287138021477557;0,137559825210172;0,571276353285901;3091,61375299285;0,751097533458182;40,6697543843341;2
"16";"Brazlândia";2018;0,0157436667533247;0,152236438481002;0,0389728997022113;0,14899055071861;3,69190054436327;0,519282159051803;0,262249272288321;0,154246584333653;0,580771030797043;2868,11192251634;0,760688035730688;41,1573973722667;2
"17";"Brazlândia";2019;0,0190529570536048;0,160533180448654;0,0166539124688315;0,153597794810404;3,69131507403682;0,501342443169909;0,249733854486709;0,10693165581541;0,643334489697881;3004,53974928108;0,750453385795617;41,2810400884805;2
"18";"Candangolândia";2009;0,00470797084706261;0,150109491920045;0,0212557203398898;0,215765547941677;3,90162238270962;0,528491815863116;0,377141001913013;0,0165597916820035;0,601732718495868;3376,5814246041;0,895544580238972;40,2048639688194;3
"19";"Candangolândia";2010;0,0122515303938851;0,173578930056887;0,0194148207056841;0,187623953302479;4,17436870544572;0,473335643541051;0,288528142876937;0,00735118509015452;0,704120672032908;4207,48883148218;0,877985343925929;41,7662102573605;3
"20";"Candangolândia";2011;0,00936530334350903;0,178091407928395;0,0342402446489071;0,138587790939702;3,75513210040873;0,520221558175883;0,353714781239199;0,0957802224583666;0,550504996302435;3158,5326645102;0,877368195911889;40,3280926932383;3
"21";"Candangolândia";2012;0,00909147721674284;0,224445571716971;0,0273918290706977;0,184245668849112;3,57607897715459;0,480418937142182;0,358974609028536;0,0975869258607387;0,540206889421831;5588,55868703304;0,901204588814822;40,4980132579367;3
"22";"Candangolândia";2013;0,00830884579883934;0,270884622447175;0,028242318445622;0,136576681188435;3,96341329434642;0,48482572323368;0,21493386276717;0,0374280434328324;0,747638093799998;3885,27609810982;0,922706899333041;40,2404985299893;3
"23";"Candangolândia";2014;0;0,182922576309572;0,0371062940488951;0,147960604352383;3,31018772530964;0,47669409855869;0,236626518790825;0,082334433202216;0,681039048006959;4178,31255725317;0,908003638204209;39,3511520272814;3
"24";"Candangolândia";2015;0,00725046001150512;0,266342683457594;0,0289519517150007;0,12882995109355;3,5375306109586;0,510608327190078;0,260840238993349;0,112069173828865;0,627090587177786;3690,23237300445;0,846488517003535;39,5911162608227;3
"25";"Candangolândia";2016;0,0124571259051707;0,230074685378547;0,0275942325457682;0,140056773796187;3,59895828965074;0,514662802836871;0,350413745145429;0,125540677189005;0,524045577665566;3722,67845544556;0,830598489087159;40,4963672984145;3
"26";"Candangolândia";2017;0,00667027300464698;0,183766862602744;0,0352516340220278;0,15187248887197;3,4856611100658;0,515885809396888;0,46245787136689;0,131835064686479;0,405707063946631;3329,93337325488;0,784056773211881;39,849729986746;3
"27";"Candangolândia";2018;0,003559767617545;0,179799624092306;0,0575651990463881;0,152799485032305;3,50633487579712;0,513301102069379;0,452413944609089;0,0837761062084647;0,463809949182446;3320,50229188523;0,797749299303431;40,9463132637483;3
"28";"Candangolândia";2019;0,0228809825867345;0,280361119618129;0,0217051292153844;0,145426178648673;3,58673712484907;0,48052301409909;0,318090634109355;0,109401472758602;0,572507893132043;3115,22490875222;0,752275933958746;40,3684415492494;3
"29";"Ceilândia";2009;0,0180708545834657;0,0790334501247748;0,0231572267618276;0,204955185742158;3,90482078241858;0,479217484321113;0,374592725816497;0,0795888034873769;0,545286051854398;2624,98420293646;0,852974354001408;42,2088556322908;4
"30";"Ceilândia";2010;0,0171061849328928;0,0920928816795894;0,0293804282905311;0,18305714030415;3,82658136619469;0,486919050723363;0,300596444356649;0,0649067300878928;0,634216958479485;2745,31822056471;0,879292656025614;41,3661745846252;4
"31";"Ceilândia";2011;0,012645005858342;0,116093224873911;0,0326843298972741;0,179618481768201;3,82943986948194;0,468894114054371;0,233947964214246;0,0622059828138726;0,703396453642892;2822,92888567902;0,892595331093358;41,4410561619498;4
"32";"Ceilândia";2012;0,0126696721347178;0,128834456364777;0,0277434557025784;0,16754497776295;3,76751914309927;0,475560030864835;0,220609113871763;0,0340826596336544;0,745152324066231;2931,3516565819;0,906505198425687;41,7352718860756;4
"33";"Ceilândia";2013;0,0092868455003801;0,146381645758822;0,0307771657969522;0,155664933585479;3,76229842815795;0,482340419858348;0,260159060760953;0,0407256521304732;0,698912302420421;2991,52916768911;0,896759449855754;41,3574366618674;4
"34";"Ceilândia";2014;0,0110880506261622;0,159759551668085;0,0322670453083248;0,165533676624955;3,71897001651015;0,47465361987254;0,246810439904942;0,0361516761835049;0,717037883911553;3049,99497184474;0,8993740266153;41,3238280957239;4
"35";"Ceilândia";2015;0,00834822375000264;0,18315513263918;0,0302121648468725;0,150398114476693;3,67506404831724;0,491906329844447;0,15140154211409;0,0223500052167952;0,825915342017445;3240,43148355276;0,879495612153116;41,1315579855633;4
"36";"Ceilândia";2016;0,00922754032318057;0,148701775807718;0,0265660688226565;0,163691732428723;3,61867026850024;0,483178544178576;0,185423974933784;0,0522346868025985;0,760240446666193;2890,13325635319;0,8160073932382;40,9608026670834;4
"37";"Ceilândia";2017;0,0162337924567737;0,134100980913813;0,030897005748602;0,1762673423992;3,54622968102224;0,477639467066506;0,248692986341314;0,108735745470913;0,641063437143816;2696,33399196641;0,801952295790456;40,9280572616517;4
"38";"Ceilândia";2018;0,0205689381235254;0,141519827411814;0,0268728546397587;0,180725712782138;3,61764775488947;0,49306754340379;0,257314781774442;0,105420817401581;0,635165459858695;2618,4313539041;0,803064489881236;40,5760992353778;4
"39";"Ceilândia";2019;0,0135529230252895;0,158873530033312;0,0240896053121407;0,191606900898865;3,48112152281551;0,478430251482997;0,246000253959563;0,109674905845115;0,643105106756154;2678,90682425851;0,807642196674119;40,2902640652043;4
"40";"Cruzeiro";2009;0,00173641129182335;0,670794014153253;0,0207949704060491;0,0986629894122759;3,16218059362009;0,520835040273997;0,279683750167833;0,0242339849380892;0,693867501603573;11150,675317059;0,904452304768764;38,9457128409879;5
"41";"Cruzeiro";2010;0;0,665379633069868;0,0183368405720918;0,0901445269669799;3,23502787944576;0,498958857496253;0,302594729010421;0,0177376340863293;0,677830680394394;11320,2579482832;0,926039522555482;39,1822867978412;5
"42";"Cruzeiro";2011;0,00355039342595225;0,689761237524405;0,0189825260379664;0,0762694170995111;3,20515739617919;0,503258521455741;0,360024197217358;0,0199145129760903;0,617303154319875;12088,3505233642;0,929453538012041;39,3316075323202;5
"43";"Cruzeiro";2012;0;0,734617426554631;0,0231392347821519;0,0714547234732104;3,10441385924452;0,490134801518121;0,162903482730697;0,0225784707132176;0,813951950288006;12382,2137996224;0,938225264208152;39,2262075393215;5
"44";"Cruzeiro";2013;0,00140677330672654;0,752467210975877;0,0295034450164428;0,088684686663931;3,16507654871227;0,503606749512454;0,174479522769894;0,0220159906875617;0,803504486542544;11893,861437857;0,941602197220096;38,4798809038742;5
"45";"Cruzeiro";2014;0;0,795879661078795;0,0331582670711377;0,0759525369279618;3,00899616566779;0,480542518997895;0,148612473803013;0,0194419359727129;0,831945590224274;14025,9048382152;0,94221497091413;38,2160142362149;5
"46";"Cruzeiro";2015;0,00232966857220459;0,648475102943271;0,0372600331807254;0,0739464398411311;3,22958700663824;0,500452550318517;0,136795541380972;0,0404152128620755;0,821937540474968;10514,8190309766;0,920569622993103;39,2053376880416;5
"47";"Cruzeiro";2016;0;0,732284231533714;0,0352040989509791;0,066106826521195;2,96474324511945;0,523649892721534;0,248879948079176;0,0339893891087374;0,713868808609211;11055,8079001968;0,913388374276621;39,0701269347768;5
"48";"Cruzeiro";2017;0;0,672399142263248;0,0312368131336597;0,0445584079104349;2,70818322065658;0,502568694050654;0,5729275252748;0,0430364882742632;0,375449820171817;12307,9876630611;0,923324893810058;39,0723547168219;5
"49";"Cruzeiro";2018;0;0,630667613752624;0,0321375295235362;0,0623874640362041;2,82903851258449;0,487582555349598;0,46738040641678;0,0354017390747818;0,491676873955656;10591,0879707574;0,922736115039432;39,0877998462451;5
"50";"Cruzeiro";2019;0,00469668034551424;0,598396778330269;0,0399728589662695;0,0643103536243847;2,97404303026125;0,504414026640923;0,417320217963523;0,031582579850102;0,551097202186375;10459,5965727973;0,91445251130126;38,7517315630963;5
"51";"Gama";2009;0,00899036091769106;0,110334463163681;0,0213692945297825;0,197952535073708;3,95499086438428;0,484865775027657;0,25392888173123;0,0479612334190991;0,697768436199382;3227,03197402917;0,855102763069007;40,9481764158265;6
"52";"Gama";2010;0,00946781606432081;0,12104925902392;0,0205862639823611;0,191297499362935;3,96602833959339;0,495005518133158;0,189183049076152;0,0395347518483477;0,770208712933902;3379,83323380184;0,886743958077855;40,7940342694475;6
"53";"Gama";2011;0,00666704549128066;0,139339339713026;0,0236491351997133;0,167131285186153;3,88015110177984;0,495147590162032;0,212899335047303;0,0425765013154436;0,744117969415657;3392,03933570859;0,886242379852841;40,6468247465959;6
"54";"Gama";2012;0,00913943408803983;0,169847864637955;0,026850689163937;0,16567127137045;3,93069303780267;0,494948048978125;0,26135470380454;0,0395533794238509;0,698275264400522;3788,6294360026;0,871748107866339;40,5593179226822;6
"55";"Gama";2013;0,00681098864312745;0,227504939007463;0,0259600749142337;0,13981810132364;3,8027190336223;0,491228317698474;0,303412559641813;0,0427725358115788;0,652688178098003;4152,26017818704;0,88696600118211;39,5985570636174;6
"56";"Gama";2014;0,00647598071706778;0,17361972345611;0,0195766593217196;0,163959990617446;3,79842176736634;0,476703301661791;0,476643218009424;0,0587412514233164;0,46331158268862;3852,36176023189;0,925671613565171;40,8655888996972;6
"57";"Gama";2015;0,00552952102974602;0,218623312422814;0,0262605438259987;0,153404235756833;3,67480439656983;0,491636530461329;0,289473305358749;0,0836534204693168;0,626429497416191;4337,25726992308;0,870155436352736;40,2050608032587;6
"58";"Gama";2016;0,00869770319960282;0,219229554708691;0,0240651662991673;0,131625675848183;3,66989983741975;0,499521961807537;0,156138366511189;0,0587565557782535;0,784083156117724;3615,60087938152;0,809060930740415;41,1841445024208;6
"59";"Gama";2017;0,000719529066663195;0,265677273284851;0,019240043948523;0,133760951359673;3,58045689918673;0,48498470261381;0,117673371893726;0,0375895937063819;0,842027588197807;3991,32455226584;0,791884430939022;40,087649831437;6
"60";"Gama";2018;0,00376222966784474;0,282268881135957;0,0290585611733844;0,116767837615516;3,47956145095865;0,484196358128814;0,116903472719012;0,0466111625161936;0,835797899236991;3997,35120623641;0,786793645528818;40,5595097384281;6
"61";"Gama";2019;0,0026198357439623;0,320912861388474;0,0365491321684832;0,131857088642066;3,6657414959838;0,511620051055335;0,144482978025821;0,0975113810453568;0,749429331643911;4226,52391161739;0,767238176016197;41,562788934586;6
"62";"Guará";2009;0,00541287625672194;0,366921554618017;0,025236595035154;0,170563378181964;3,66316543155838;0,522371805013741;0,414825223645593;0,0345554668643321;0,54944631321746;5643,81132620562;0,898366760064289;41,2157576718794;7
"63";"Guará";2010;0,00496384166332735;0,375805158061825;0,0251373532983431;0,160173730158558;3,75751594151506;0,497209587539088;0,390012815803437;0,0277333773773497;0,581343368267791;6131,85241246514;0,910006234554258;40,9302624037558;7
"64";"Guará";2011;0,00549825314769839;0,413213579526236;0,0265620457440876;0,139895501378018;3,76855390664745;0,506303806295527;0,384852329518967;0,040936651405512;0,573532297888194;6301,25436910161;0,933278386338812;40,4649065242594;7
"65";"Guará";2012;0,00293176012995713;0,412400821667568;0,0278405292661706;0,147001279730386;3,63597002508011;0,516052706862949;0,355526517458836;0,0552761557714384;0,588532882563412;5934,63588056743;0,913860066507182;40,5653659153288;7
"66";"Guará";2013;0,0048263108054236;0,446973790966223;0,0344767005778442;0,132456263157817;3,65076994350005;0,517319527123982;0,442171467159324;0,0392729567303094;0,517705285873113;6295,56962524886;0,922631830471127;40,6621345084239;7
"67";"Guará";2014;0,00220098964032096;0,490541418946944;0,0446474563922178;0,117925974205025;3,74233830308019;0,523270376771346;0,236927669899416;0,0446567848614971;0,71511645453074;6507,8742544077;0,917171760528853;38,9896313624503;7
"68";"Guará";2015;0,00356544138051352;0,427313398745866;0,0354980883775478;0,119014653755774;3,70300939452919;0,500034649813535;0,236079175890993;0,0388626553290623;0,72142497305979;5755,38187249036;0,896768029347619;39,4500716890305;7
"69";"Guará";2016;0,00784122402173183;0,449599311076767;0,0420564196521355;0,138574391477026;3,47981035009728;0,505436959861012;0,328876749500225;0,0676077511353281;0,598617779729013;5965,305664312;0,874865464156686;40,1062719731056;7
"70";"Guará";2017;0,0124805938023167;0,437481883745111;0,0364809609121583;0,132358262746516;3,12741862367282;0,503245041932112;0,431418988361503;0,0739917789872289;0,489863334820422;6393,23576704022;0,857010399989251;40,7954133763744;7
"71";"Guará";2018;0,0144447018536682;0,395549146164984;0,0293009499941592;0,130393803013837;3,1401076062784;0,515083381197053;0,346849828974885;0,0592815857913366;0,590606194076729;6460,4410768462;0,862146542986178;40,7738876312902;7
"72";"Guará";2019;0,00727457363809364;0,368446218349293;0,0396953132958841;0,118528958727274;3,13000711512905;0,525840741073148;0,353521167151878;0,0732974441366956;0,569841395748219;6467,08095238432;0,853718621699096;40,4214826697822;7
"73";"Lago Norte";2009;0,0083504665883619;0,512095777232338;0,0574510285187807;0,109788479841091;4,39666589767127;0,508205596750977;0,328871926685427;0,0386437575212187;0,632484315793354;8489,55764879562;0,862082994970584;42,8936803056981;8
"74";"Lago Norte";2010;0,0124215427906141;0,527338368590134;0,0585599505178654;0,121079287977176;4,62732972873265;0,531430923630854;0,33786854609035;0,0173972007250873;0,644734253184563;9389,6873464489;0,89995935519088;43,5450734329206;8
"75";"Lago Norte";2011;0,00900861195077602;0,544949799203141;0,0645596870408447;0,13921755319308;4,18363978984051;0,4933395673938;0,322609925669634;0,0151447622008265;0,662245312129539;9017,46580480128;0,892291672859507;41,3319060450364;8
"76";"Lago Norte";2012;0,00900730998515839;0,540992428747459;0,0642191408199089;0,084473833080264;4,28499524677371;0,507676926199365;0,149870683119843;0,00313462363829168;0,846994693241865;8120,14024295781;0,922881642834139;41,030312639687;8
"77";"Lago Norte";2013;0,0126265046324284;0,585996943754493;0,0736079218485819;0,086712205713053;4,40613292909486;0,492212479299569;0,333918976009696;0,027366574464762;0,638714449525542;9478,34339356717;0,940221628447591;40,8863114092395;8
"78";"Lago Norte";2014;0,0160624916123208;0,58922814384401;0,084253978105009;0,0621028296062482;4,33635001939032;0,508405488587588;0,256437575764437;0,0203122300053293;0,723250194230234;8724,03368370439;0,956413183775297;41,0459283531552;8
"79";"Lago Norte";2015;0,010715147271192;0,675656660279719;0,0945640362745644;0,102392802511238;3,92788580692618;0,485013897004252;0,792130387090043;0,00939311369733245;0,195341057490749;12484,1985510869;0,908231764657465;40,6810005811724;8
"80";"Lago Norte";2016;0,00712903296065289;0,617748323195845;0,0584099225547854;0,103683427728474;3,90566359892007;0,497983531734589;0,759094603588739;0,0299626280226443;0,204450136490359;9218,73080622168;0,898941512089238;40,0325573416721;8
"81";"Lago Norte";2017;0,00454816602600803;0,733877268969431;0,0737323366716272;0,0899320969544144;3,57858983754612;0,47283175548361;0,644500686975768;0,0420152002055815;0,302068119822467;11153,1747419202;0,931853663688549;40,7231941924895;8
"82";"Lago Norte";2018;0,00173143864711671;0,647019097445231;0,0587261222474699;0,0865174964618875;3,58028854428238;0,469781868668565;0,618672672439779;0,0382841498287087;0,332886258500606;11936,3746165016;0,918841610449177;40,3203796762468;8
"83";"Lago Norte";2019;0,0110056043228665;0,495961162548422;0,055235282070273;0,0915156790605262;3,6773015964392;0,466888130143102;0,570978038889589;0,0389069791670594;0,383148373149881;8899,44345789215;0,890472426979325;39,9945397919886;8
"84";"Lago Sul";2009;0,00809528040861639;0,68828741709306;0,0572483057291749;0,0841354338433184;4,33732200292322;0,5144351732591;0,543108858715666;0,0212640570103268;0,432847122481783;12358,3705516178;0,934167867877572;41,1602359560372;9
"85";"Lago Sul";2010;0,0052159334590026;0,723995571668261;0,0536607647163449;0,0768989324663831;4,13074295969338;0,500490394385952;0,618123698594481;0,0158396207094971;0,366036680696022;12362,9338727177;0,9453373519563;40,3862557087074;9
"86";"Lago Sul";2011;0,00677850320806271;0,736151807255104;0,0418963301983769;0,0662253031273158;4,27030886669758;0,511705013251127;0,658566709116606;0,0177689915702321;0,320840085734884;13509,1361086952;0,959642780670426;39,6684086274959;9
"87";"Lago Sul";2012;0,000868035360582936;0,763222948654563;0,058460196527473;0,116074287466461;3,8926109159901;0,479216418373569;0,602496549298334;0,00721009831585505;0,389422269045009;13575,679737309;0,939228227323066;39,9125313304149;9
"88";"Lago Sul";2013;0,00275174658353397;0,81914200422909;0,0612410457100652;0,0704724046591602;4,01814353465676;0,482374805972551;0,693529001748259;0,0166892292637529;0,28442978554105;15020,4296623516;0,956919837228649;41,1275743330438;9
"89";"Lago Sul";2014;0,00377454611946292;0,818224489960242;0,0932643254170162;0,107304654349904;4,11281490082181;0,490206385659666;0,782253800412927;0,0165466665828402;0,197424986884769;15408,5185380431;0,988586781372838;39,7860019559609;9
"90";"Lago Sul";2015;0;0,804298568460182;0,0665120810630898;0,0973203274799164;3,96457849834157;0,474654526865774;0,758441215689867;0,0278683930391744;0,206942277634518;20830,5124053512;0,945290063235959;40,1967161837702;9
"91";"Lago Sul";2016;0;0,840356290395287;0,0685897445590512;0,074159844125322;3,61433445843667;0,456249060219013;0,643499869925431;0,0172974764526568;0,328285838099319;21538,2831336645;0,940900339742252;39,2867397297428;9
"92";"Lago Sul";2017;0;0,855838558617232;0,0860940206663188;0,154571778363647;3,37124962546092;0,44826327539488;0,341613568178919;0,00654917641965661;0,651837255401425;16605,5521834544;0,926674488077415;38,3126533110435;9
"93";"Lago Sul";2018;0,00801271781450915;0,801552170749294;0,0403795362395597;0,167533847724964;3,37048369336047;0,426776428188402;0,281841487997867;0;0,71137303990491;13300,0350795988;0,953101074136769;39,1672198415031;9
"94";"Lago Sul";2019;0;0,800400155718976;0,0986752428858414;0,135875428922589;4,01375995178608;0,434006248384197;0,484674125516489;0;0,515325874483511;14009,9286291538;0,933368270110352;39,1017756786635;9
"95";"Núcleo Bandeirante";2009;0,00675337645597672;0,365752659134597;0,0241751640901079;0,15048749721184;4,06378040130392;0,495720467014661;0,528391974461463;0,0337450812744428;0,425181662930555;6211,01590299588;0,904662423514631;41,8741199027525;10
"96";"Núcleo Bandeirante";2010;0,00426687918871289;0,373409594844331;0,0316581455306715;0,131614621514463;4,06297585638021;0,460463219721513;0,297138567931283;0,0265239415759724;0,665815397854917;6493,41485132258;0,935116024782402;41,2218686131649;10
"97";"Núcleo Bandeirante";2011;0,002622257585118;0,42955136034157;0,0180748089311648;0,114153995414434;3,58097824579719;0,505435612095537;0,380145047708508;0,0347284053766019;0,568100705886931;6491,35444148623;0,935212424442948;40,0470997014156;10
"98";"Núcleo Bandeirante";2012;0;0,355373489404077;0,0306678437861036;0,101852983326971;3,34136519234354;0,486401326755476;0,289949249382319;0,0263140839476532;0,682365134665387;6815,7205131331;0,940828951430975;41,5569435801946;10
"99";"Núcleo Bandeirante";2013;0,00210783528887779;0,329181648671303;0,0107765995988932;0,0865170967330939;3,15861750378397;0,43284013033482;0,373981883932177;0,049053187441813;0,574861806103044;6156,41046062376;0,948640976932601;42,2039648970396;10
"100";"Núcleo Bandeirante";2014;0;0,440531658070199;0,00595215656471827;0,0715225876399915;2,93956465016167;0,390717442515681;0,342598051818454;0,0300633090703919;0,627338639111155;7011,58700597616;0,976116074815088;41,3803745902655;10
"101";"Núcleo Bandeirante";2015;0,00214275729796841;0,348253511247232;0,0154386920247901;0,104731220459738;3,42354607848441;0,491483935871217;0,210017626158335;0,0264597548015889;0,763522619040076;5108,90546675133;0,9114250289857;41,4742160330709;10
"102";"Núcleo Bandeirante";2016;0,00423318466631331;0,408247177892654;0,0362235549658829;0,130577696428359;3,45377460978271;0,459174549417787;0,344735371697313;0,0545479714334573;0,592452927941846;6031,67543680263;0,888775672473602;40,8786639231033;10
"103";"Núcleo Bandeirante";2017;0,0132282800454273;0,406448845088;0,0387397674443973;0,0884634185566724;3,57337867807265;0,432854475387181;0,336799129354018;0,075171566648458;0,581301860900875;5828,15173843126;0,824459416374246;41,6017996706868;10
"104";"Núcleo Bandeirante";2018;0,00215968029830633;0,455930097857996;0,0390442584225992;0,10315856234258;3,7972648775057;0,455672643509827;0,304857090705085;0,0528789152620014;0,633732223750671;7404,256125375;0,802112648868387;41,6288439117026;10
"105";"Núcleo Bandeirante";2019;0,00832012860918148;0,471866647447991;0,0811062076612379;0,0919787591455892;3,47318918515715;0,483985653597196;0,344003595829597;0,0585292046508425;0,586513750601511;7764,47251519376;0,859356476298089;41,2096422088488;10
"106";"Paranoá";2009;0,0475256561402394;0,0233951464886524;0,0209179390539028;0,216295314068852;4,03225622369289;0,515741503285604;0,193774856340512;0,0243463877805848;0,781878755878903;1848,25519391926;0,850976400189217;42,3428308393513;11
"107";"Paranoá";2010;0,0236721272374482;0,0249078504072044;0,0145914091992131;0,222835241474635;3,85000231676428;0,498698709802717;0,357070364098822;0,0168885858615061;0,626041050039672;1911,30640868432;0,869256635534249;43,9767630424989;11
"108";"Paranoá";2011;0,0331107964471005;0,0262157712615353;0,0191367133461043;0,177915638936306;3,80624592681247;0,498732662881724;0,303359988576463;0,218567192519103;0,478072818904434;2084,32165484497;0,84157343605266;43,4442788550924;11
"109";"Paranoá";2012;0,0353506088570672;0,0357324001040956;0,0242653216080419;0,202504801541476;3,79775588869908;0,513341191272661;0,279599861265969;0,258828158205382;0,461571980528649;2069,67613172272;0,805238980850738;43,2425556847245;11
"110";"Paranoá";2013;0,0315361209798101;0,0479998802096554;0,0159040920098463;0,142342315687797;4,1670015345509;0,487094521677559;0,241240736381413;0,383903543674993;0,374855719943595;2264,56186593032;0,800621909713822;42,8213735148056;11
"111";"Paranoá";2014;0,0680930692338238;0,0464280341522062;0,0371605585789697;0,183050905813014;4,27736397259505;0,490494434548069;0,239359716974499;0,223424084389501;0,537216198636;2092,31706235242;0,801425312453887;41,5870344863161;11
"112";"Paranoá";2015;0,021515423429311;0,0751097060790192;0,0296330499875911;0,195266487611525;3,71393785582548;0,50092390125009;0,259141962515134;0,250698181409361;0,490159856075506;2349,74872999682;0,856440922623984;41,0913038054402;11
"113";"Paranoá";2016;0,0168739644841295;0,0811697209645704;0,0324237981752796;0,181858711658869;3,57599545155722;0,511062645070042;0,248991762843074;0,194918768974952;0,549308761135719;2590,40104527958;0,829489714918729;40,4096483214625;11
"114";"Paranoá";2017;0,0146938742656267;0,0730184990050243;0,0279979385712209;0,156878530616805;3,42857300283145;0,498436426318911;0,235509539032423;0,169973212270128;0,59356308192372;2366,2540819045;0,81756097884982;40,7668842533809;11
"115";"Paranoá";2018;0,0226900068602859;0,0871441433588236;0,0380213578274056;0,170227488267809;3,62314173851989;0,496295217121882;0,249617380092128;0,206193702093853;0,539871842022568;2346,77327444032;0,782508824666338;40,8497505823357;11
"116";"Paranoá";2019;0,0179900008571534;0,111520368513532;0,0229437417751724;0,129895920760279;3,6303213776407;0,509098834483032;0,17387870411078;0,111925365171042;0,710680818916406;2375,60699542698;0,766326291361516;41,7600583926803;11
"117";"Planaltina";2009;0,032332909388701;0,069330093086367;0,0147500885820126;0,198169440760012;4,05336248019881;0,480350189143912;0,397183936874117;0,0367939179564661;0,565748133324339;2647,19965636231;0,828222376365205;41,3367765465554;12
"118";"Planaltina";2010;0,0307160197799486;0,0651542777848788;0,0181426587620687;0,203464111279123;3,90512293523669;0,488712445403939;0,362525214935609;0,0278746801698101;0,60904491079623;2470,04013521143;0,874751022294834;40,779950339101;12
"119";"Planaltina";2011;0,039525983822765;0,0712457717582953;0,0148711775095561;0,185656718552159;3,94904795060171;0,487893576648532;0,344468148217271;0,0990819301215601;0,555255698483479;2455,02259523104;0,865915019138285;41,3321110264381;12
"120";"Planaltina";2012;0,0345004169381338;0,0811724359357563;0,0207298072265344;0,180555271501223;3,89593240952074;0,464591672857614;0,298623214971307;0,100758628484872;0,600618156543821;2664,97278338644;0,865613352138314;41,3769289881516;12
"121";"Planaltina";2013;0,0236952477812535;0,121397493157936;0,022108142457182;0,158043858552904;3,80823269038802;0,470903466576047;0,336364763690767;0,108393522572877;0,555241713736356;2689,4309007059;0,873700362056869;40,9184751508445;12
"122";"Planaltina";2014;0,0193775873597172;0,142828277616698;0,0286418071513804;0,140711104532891;3,66580928377982;0,478728152973432;0,335444770576316;0,10436867644426;0,560186552979424;3856,37060981988;0,864859125311694;41,3217661859304;12
"123";"Planaltina";2015;0,0199710265634669;0,153303870896362;0,0268767859282132;0,148851807599868;3,73833665895291;0,486570576441647;0,324303526299609;0,101508210029786;0,573545708287742;3336,16815380539;0,85330592258174;40,7209790991231;12
"124";"Planaltina";2016;0,0280484067620825;0,134023737837026;0,0209222346032784;0,156469795629301;3,73768019845944;0,488232162518092;0,283573520593406;0,124208882507823;0,579019204997214;2956,45887256915;0,805899041250841;40,7504114901033;12
"125";"Planaltina";2017;0,0231978220404566;0,139405428743317;0,022730132604646;0,166544931541616;3,65442993910454;0,483606632403583;0,288699696445712;0,138881155768056;0,549758683837199;2972,76111203319;0,78523239935207;41,175693970965;12
"126";"Planaltina";2018;0,0243713287299923;0,113532076507086;0,0302868780730973;0,162850872330384;3,68392698717024;0,491157458826926;0,249841115119606;0,151965556130384;0,56286004421366;2985,65532736837;0,777509879742632;40,5143587399231;12
"127";"Planaltina";2019;0,0188035845685184;0,109659468653026;0,0229860889173595;0,178463284706635;3,54854338212356;0,490649481834114;0,258018185507507;0,118716662693794;0,6069016569305;2557,93984154235;0,810106164982894;40,736255409176;12
"128";"Plano Piloto";2009;0,00265737680482853;0,686316180818492;0,0296553010807629;0,0944166357012495;3,52669952028562;0,526358504452113;0,576125220075407;0,0166290257256146;0,40618170349253;11098,2063885473;0,918666566752784;38,923315155484;13
"129";"Plano Piloto";2010;0,001269249659804;0,701357709673464;0,0349956250167784;0,0945627049183536;3,49843846096585;0,512958032259052;0,557488115119863;0,0166762189155718;0,424407846905193;11253,0114245907;0,927119097634521;38,5931246610938;13
"130";"Plano Piloto";2011;0,00250038517648014;0,714071540494348;0,0350256577984998;0,083970265275042;3,39761381834583;0,498655652988918;0,504116716888385;0,0162879697783581;0,47749701908038;10962,6038560328;0,928793979152981;39,1670964971551;13
"131";"Plano Piloto";2012;0,00165922679304248;0,73270952596088;0,0501498741446209;0,0756604753620675;3,32274057404011;0,504834085523983;0,566252374422097;0,0216944162115648;0,410074712649451;11864,0141266373;0,937289820091319;38,645440760329;13
"132";"Plano Piloto";2013;0;1;0;0;2,33558221512158;0,666104446219604;0;0;1;32749,8885451938;0,666104446219604;40;13
"133";"Plano Piloto";2014;0;0,779390884550802;0,0325899829640861;0,0725698388171782;3,27351625736583;0,483705008517957;0,553898817979065;0,0200553741317453;0,421031964356253;12132,226795466;0,939833877604764;38,3634207561425;13
"134";"Plano Piloto";2015;0;0,5;0;0,119315278248523;4,26894907250492;0,5;0,761369443502954;0;0,238630556497046;7228,62738544454;0,880684721751477;36,3117686828697;13
"135";"Plano Piloto";2016;0;0,633536829969705;0,045035515927935;0,0845873657233363;2,97525608424791;0,498047563363298;0,602746507334742;0,0388058013561989;0,3411325873478;11058,212339935;0,920625105647385;38,0113472522169;13
"136";"Plano Piloto";2017;0;0,673156674701492;0,0459524224527915;0,0784712924408699;3,25877583786166;0,495633303301391;0,622166046786669;0,058243321572453;0,304145781477372;12598,6787717209;0,908217670095402;38,2789285499919;13
"137";"Plano Piloto";2018;0,000772012943328369;0,63406463287459;0,0459020725117922;0,0860665695089466;3,1251471899177;0,509347403753021;0,58947599178659;0,0552159885938909;0,338330998209221;11648,1521699272;0,910081662708575;38,3002417328614;13
"138";"Plano Piloto";2019;0,000977175163405637;0,686979190226665;0,0464603965095609;0,0845874019598051;2,99520363574139;0,507824869708935;0,620284202889058;0,05419895218846;0,312896012241017;12222,4343859373;0,9108451521301;38,4694983752102;13
"139";"Recanto Das Emas";2009;0,0329132228922761;0,0301166812802916;0,014784087969411;0,215941507364772;4,06548060743056;0,491596648853919;0,0468984690939925;0,0147427862401979;0,93835874466581;1819,36116866591;0,827586373295457;41,505760084507;14
"140";"Recanto Das Emas";2010;0,0264164747189083;0,0431908677893496;0,0147544841870141;0,192767647381379;3,96552140912641;0,48659361722601;0,0334976974517487;0,0115675594420886;0,954934743106163;2027,17903543764;0,839154769225482;42,2620826131385;14
"141";"Recanto Das Emas";2011;0,0202133384741764;0,0663553453829707;0,0140069229550769;0,158576242947928;3,88340115865926;0,48921861748106;0,00473835790066246;0,00101295296095805;0,99424868913838;2271,47350483411;0,824265490293806;42,0916454324711;14
"142";"Recanto Das Emas";2012;0,0183679295584452;0,0604178155606917;0,0166752994419643;0,158866815809567;3,88212861837074;0,468847946546796;0,00395789001603736;0,00144574929725606;0,994596360686707;2236,70600864477;0,824542996499945;42,2403454228477;14
"143";"Recanto Das Emas";2013;0,0205796231356446;0,0650070067463892;0,0155179981040032;0,128916405094898;4,02028441240922;0,489091387354597;0,00136696069608446;0,000464271576654131;0,998168767727261;2258,37523372119;0,821135949742881;43,1533590515815;14
"144";"Recanto Das Emas";2014;0,0159629855988441;0,0924851968204397;0,0091147180336371;0,141639753506733;3,80300841538944;0,492021269433377;0,00688766530557012;0,0022746970133319;0,989666617596709;2582,29725335014;0,8412445221499;41,9128211176365;14
"145";"Recanto Das Emas";2015;0,0204898035789973;0,0921549406312581;0,0262339925071252;0,120712151028916;3,74608291698169;0,489296600900204;0,0239516447884046;0,0046863076247028;0,971362047586893;2305,6200573276;0,799153828885721;42,0578540317436;14
"146";"Recanto Das Emas";2016;0,0199090150965342;0,0962453753462009;0,0260389592132001;0,125702628468842;3,66499349345121;0,500655803900329;0,0749885101897357;0,0289876292983514;0,892649576376012;2343,25233994123;0,749482188941276;41,4069841454138;14
"147";"Recanto Das Emas";2017;0,0143213197778443;0,0889187678248699;0,0263498003349188;0,165276119699099;3,69635871101043;0,485791334519079;0,231187820525976;0,105739019524714;0,650849231601541;2311,10496844458;0,75852802746544;40,853402466136;14
"148";"Recanto Das Emas";2018;0,0145265934086412;0,110079441878202;0,0262009893267449;0,165134249736638;3,63131348280531;0,484918807385062;0,204121051339829;0,0812988238305172;0,71269979066481;2385,92460688292;0,788782231723101;41,4276027187909;14
"149";"Recanto Das Emas";2019;0,0122437818043831;0,120215883382494;0,0310274492481993;0,177201727022211;3,63198119951516;0,492195034811427;0,195310766228905;0,0677134391364471;0,736175422458783;2474,27136125164;0,782552362822246;41,070309756287;14
"150";"Riacho Fundo";2009;0,0223868877044499;0,108158866015231;0,0197011491043272;0,201620868331966;4,10162883524818;0,478698879792833;0,294720390260135;0,00994890652304314;0,694688126778184;3208,53764802093;0,853374198261686;42,0002221447076;15
"151";"Riacho Fundo";2010;0,015632914672596;0,102903297608404;0,0128971847902528;0,186723508500486;4,11267883113332;0,466250771146009;0,261441914394657;0,0466519810524722;0,690538241139359;3173,56085419346;0,900611500032321;40,5602717604192;15
"152";"Riacho Fundo";2011;0,0113718464725386;0,113733520197827;0,0203247889174534;0,173603697787882;3,72374046411564;0,462447891008193;0,274525703027725;0,0554603997196652;0,667924054191688;3409,0913755477;0,913567566541229;41,0830141683152;15
"153";"Riacho Fundo";2012;0,00716998230742048;0,132167617058753;0,0171781780124015;0,149655865160256;3,85155375840147;0,478222563828964;0,225565434221164;0,0492418356279219;0,725192730150914;3633,96075033256;0,904894521704635;40,8860868292935;15
"154";"Riacho Fundo";2013;0,0091038237622692;0,127059488441334;0,022102678825447;0,142151113545614;3,72246816195765;0,476227649582829;0,255546535668275;0,0684511950809973;0,676002269250728;3304,94802774491;0,900654467028056;41,7208977723202;15
"155";"Riacho Fundo";2014;0,00544584458129698;0,19383623365403;0,0160552938719424;0,139855556973453;3,4335449510028;0,418539441954822;0,322286258854264;0,0455790280325048;0,621513785477424;3586,82727292199;0,945734917769752;41,6352587836626;15
"156";"Riacho Fundo";2015;0,00776822636988671;0,158689409735719;0,0164673221842987;0,143624858027381;3,49974136020256;0,466664236711476;0,194850800703527;0,0747002894028129;0,72836557504174;3343,56294502701;0,894995569528347;40,8192551238944;15
"157";"Riacho Fundo";2016;0,00898639550028891;0,165595118051239;0,0354981762025237;0,150350690814142;3,43851608613515;0,486757921425049;0,250299545607447;0,0833140791605179;0,661998366215602;3164,44228645643;0,851315259025127;41,2382640476573;15
"158";"Riacho Fundo";2017;0,00611840246391081;0,190023491278974;0,0255503489754215;0,134010497313808;3,25091827019553;0,501824996624103;0,262046525635083;0,0938289109525571;0,642126627839209;3017,86631054594;0,784480694417008;41,747728065079;15
"159";"Riacho Fundo";2018;0,00673460726625961;0,187297585434833;0,0241749770123361;0,132742990662387;3,25286263416369;0,481119784902643;0,199771873726859;0,0848223271246784;0,714418953697405;3417,02971845202;0,801658944132861;42,5940915369652;15
"160";"Riacho Fundo";2019;0,00910204848119912;0,183302498630117;0,026658515377961;0,128569087688383;3,5596723333156;0,492701759357761;0,221239673656231;0,0596858741480502;0,716127623543651;3815,75084809639;0,76822427842006;42,0781609564512;15
"161";"Samambaia";2009;0,0195331411898372;0,0600202665583991;0,0180538382946023;0,218705409023806;4,18076551875747;0,489009146216128;0,135885202082439;0,029259205226895;0,834855592690665;2559,49581637595;0,853575268766659;41,1621106643968;16
"162";"Samambaia";2010;0,012744829760891;0,0611134704394833;0,0182279832741008;0,202964718834586;4,07317426791653;0,482134605776313;0,230033423248632;0,0478737888600398;0,721851258539269;2455,70517165226;0,865433021452213;41,8537563124196;16
"163";"Samambaia";2011;0,0172367874568621;0,0769632370732238;0,0235789317999073;0,186752419977111;3,83015362696624;0,47727959826705;0,325662394215435;0,0472057909380719;0,627131814846493;2651,20327343211;0,883458131129583;42,6824558460533;16
"164";"Samambaia";2012;0,0112529618162268;0,0971410329472743;0,0251893617465068;0,186713849425644;3,79006568131659;0,48391785733961;0,20880135777052;0,0310255293722808;0,759655948738714;2813,99093456906;0,908163707557347;41,1361209978776;16
"165";"Samambaia";2013;0,00613403536871812;0,139053239269543;0,0224904370146496;0,154598494759228;3,77942771354903;0,487697192426582;0,166971297443417;0,0300584292439204;0,802618128690582;2950,04329070257;0,891496650208539;41,0695669080161;16
"166";"Samambaia";2014;0,00949708877744453;0,153233186832861;0,0259408850480088;0,176704969051011;3,78370570787835;0,482166842269924;0,0644862240770934;0,020581851368307;0,913217185129682;3551,63559643709;0,903552051515112;40,4936714930973;16
"167";"Samambaia";2015;0,0122734261895904;0,16794979067843;0,0337763444582324;0,141385622837366;3,70056893520219;0,484430143599085;0,135928354204688;0,0232003429969995;0,840545627429573;3336,24942388687;0,853876334552518;40,647659076812;16
"168";"Samambaia";2016;0,0152929649315576;0,146316705376713;0,0354097963097051;0,148393058027395;3,76132067799433;0,484415701022218;0,195091588793155;0,044791387574683;0,757304662937899;2785,17979092265;0,805435153771302;40,0721832938225;16
"169";"Samambaia";2017;0,020021434893628;0,116558457861993;0,0293679094903372;0,184871315162271;3,55136691349315;0,483110179264057;0,311054260836559;0,131507828231245;0,555712914699487;3104,20804906694;0,770410289191592;39,5568963729448;16
"170";"Samambaia";2018;0,0163869046102317;0,136157741980047;0,0363868313575189;0,172636524140081;3,52604474175586;0,495185823440732;0,299937142004343;0,098764643484402;0,599969605484274;2831,20163252389;0,783717233503852;40,2330459983448;16
"171";"Samambaia";2019;0,0166415753444008;0,145971369872811;0,0265972257389141;0,163421011977161;3,56668379518014;0,496453741570754;0,247875176854041;0,0928162445536109;0,656744615735813;2714,44161374217;0,791281587963571;40,8884207151123;16
"172";"Santa Maria";2009;0,021242694323778;0,0470241045332412;0,0127148004181918;0,17650749088376;4,20787127987251;0,495846844734045;0,123907333922111;0,0609233023037525;0,815169363774137;2336,0319382396;0,796738412583856;43,0603229502873;17
"173";"Santa Maria";2010;0,0151667653401155;0,0553515533296453;0,021367080166546;0,169145331379575;4,16385491675827;0,485788273713426;0,106292945535427;0,0525213062178696;0,841185748246703;2332,4190000618;0,835000402203087;43,4063713152162;17
"174";"Santa Maria";2011;0,0155797502952423;0,0626573326131594;0,0176312501992694;0,170439826685328;4,21457744827683;0,489041262561689;0,0811193336512312;0,037438620036012;0,881442046312757;2461,12370898173;0,848320088964351;42,6342233975417;17
"175";"Santa Maria";2012;0,0153671892430881;0,0747367188914417;0,0198163417619788;0,149250045786336;4,08402703590534;0,472453264010565;0,183285054430801;0,0486488815935735;0,767546959672701;2329,98015570407;0,857947407548105;41,934880161795;17
"176";"Santa Maria";2013;0,0159130785484515;0,105660404465216;0,035120570908557;0,151259402368343;3,9542399598048;0,463111911683999;0,270247374926499;0,0755688135949711;0,65418381147853;2538,37294610212;0,863986770273521;41,1584148695692;17
"177";"Santa Maria";2014;0,0185054750946396;0,089765328641649;0,0240320902806145;0,169350463893229;3,6331500722002;0,460669905538966;0,245167677134106;0,0928843026577901;0,660306421899906;2739,65781815866;0,858248797971651;41,3815073537197;17
"178";"Santa Maria";2015;0,0120280286730209;0,111030376655994;0,0389066471051902;0,127291505681118;3,83880091087226;0,484654182441694;0,259440465173255;0,14144614540546;0,594224360781107;3096,94873776641;0,843174946373667;40,2443016446089;17
"179";"Santa Maria";2016;0,0106213975456104;0,133690684363099;0,030810673808798;0,134628139329079;3,65077911376677;0,478248084351563;0,203774943709048;0,0867806546743276;0,69926757060094;3047,78501590641;0,807192750671662;39,3032924694929;17
"180";"Santa Maria";2017;0,00843426202983339;0,170155220559478;0,0266987026591588;0,120744105716329;3,5341905661457;0,469757243644264;0,0412439290418728;0,0237084727942531;0,933735538159114;3048,74334437469;0,781373580159721;39,2878125945501;17
"181";"Santa Maria";2018;0,00630538421705768;0,182103400964121;0,0317460975750547;0,12378138144769;3,49603553492897;0,461000970061162;0,0141828188820238;0,00850064544687702;0,977316535671099;2614,83273705899;0,830091311972485;39,5347838515493;17
"182";"Santa Maria";2019;0,00611606476778293;0,221494936894019;0,0380555049824954;0,100076138017088;3,61352354059522;0,44647934263803;0,0154117323405211;0,00615034501395029;0,978437922645529;2743,12700978541;0,790780464082095;40,3577046840097;17
"183";"Sobradinho";2009;0,00899793456089573;0,240862305663592;0,0166738353679434;0,157247721770921;3,92276813298773;0,49508920415182;0,643148431521936;0,0260449150666098;0,330806653411455;4726,94556744413;0,862667011265876;43,2889557546397;19
"184";"Sobradinho";2010;0,008965676173398;0,258100923061137;0,0154344308014813;0,137134207480142;3,84106615335706;0,491851175842268;0,640101573272741;0,0186585178787016;0,341239908848558;4919,69013230609;0,887105445779454;43,3683162166121;19
"185";"Sobradinho";2011;0,00710014782443544;0,274890110376707;0,0219427736083125;0,142949530786396;3,94949081339958;0,489307299745605;0,578546620981984;0,0218644539071421;0,398055451499768;4905,46406186635;0,900118340114221;41,988999486481;19
"186";"Sobradinho";2012;0,00782380449729143;0,277771974003393;0,0233505405035329;0,135717270024046;3,78059920106305;0,495358208861931;0,612674241504939;0,0194991182212953;0,36752173544888;5053,2518969044;0,895939013480979;41,765135017595;19
"187";"Sobradinho";2013;0,0102046781971935;0,31255465693585;0,0307333475898927;0,138627760070571;3,81853192871022;0,465019556894573;0,59992831070837;0,0206005760835979;0,378659789551196;5014,4992882699;0,898757308596186;41,8468849377018;19
"188";"Sobradinho";2014;0,00868004870617843;0,302472160351303;0,0191134834052121;0,143200654778711;3,71060335653085;0,480667842345398;0,675576479479013;0,021083154339878;0,301426711664586;4851,40668112924;0,908533997484254;42,391733265591;19
"189";"Sobradinho";2015;0,0117864906357834;0,297122917821812;0,0289321547080625;0,147082478188257;3,63300403452591;0,480236776586672;0,617159619057346;0,0279547294538069;0,352682432071222;4637,07968669762;0,866135498673562;42,0654713387277;19
"190";"Sobradinho";2016;0,0124057934796026;0,292056672547081;0,0271613830464407;0,129340282778565;3,66609032500722;0,485646163976675;0,546201876874316;0,0518495861360661;0,394556646434544;5110,54857056183;0,839280156751786;41,4653766715312;19
"191";"Sobradinho";2017;0,0130958133121197;0,22374305898499;0,0258581387842704;0,14576807529487;3,54266257179033;0,487067963164068;0,323685052205789;0,121894802613603;0,55165210451873;2231,10099822251;0,799198960441158;42,4253135617087;19
"192";"Sobradinho";2018;0,0158087243616909;0,148587629072816;0,0285578365478263;0,147416799311044;3,48086744066304;0,489125079025696;0,309723786148094;0,131995750033617;0,553441536333217;2661,38281134867;0,806081021238622;41,9253312848259;19
"193";"Sobradinho";2019;0,0233744504732695;0,141093210295172;0,0259007992221772;0,159732695595457;3,46797156155094;0,498693583295487;0,283801393777401;0,143089245271921;0,571825812585145;2727,31480414876;0,798236099547493;41,9672704484904;19
"194";"São Sebastião";2009;0,035814987600189;0,106320903983893;0,00976594924792978;0,192528456536064;3,77659375510277;0,503617855136338;0,211327017802735;0,0179281579025748;0,77074482429469;3118,82510421176;0,890156966518835;42,5626642105192;18
"195";"São Sebastião";2010;0,0188891624847499;0,140387437172433;0,0163808655288542;0,198844674595734;3,67470990494795;0,49285867650784;0,330407263769739;0,0407161211720598;0,628876615058201;3279,18189713867;0,884749165779619;44,769862520178;18
"196";"São Sebastião";2011;0,0118144244340396;0,157721200808973;0,00878784307597555;0,179887250136681;3,57361187277021;0,500846338610961;0,366340049318021;0,0787266711186874;0,554933279563292;3346,34986779109;0,912684001327164;44,0901673801842;18
"197";"São Sebastião";2012;0,0159931478300868;0,186343465094763;0,0109673998352157;0,142466652399364;3,49259505438552;0,503898303138377;0,661109122605269;0,101675506077538;0,237215371317193;3999,34440992439;0,881410763400718;42,4984084957824;18
"198";"São Sebastião";2013;0,0125701607213521;0,178603267353524;0,0166926174296301;0,13906363665061;3,49594751592981;0,495702059681038;0,594252400459611;0,128279358802939;0,27746824073745;4222,17915079568;0,877755896402718;41,1240215240769;18
"199";"São Sebastião";2014;0,0135584333740461;0,139974493201439;0,0188759492382918;0,163975486936727;3,41934914903486;0,533459683414516;0,495785057939803;0,15351645205622;0,350698490003977;3514,28433976605;0,89480579977629;42,1962151721096;18
"200";"São Sebastião";2015;0,0132753414022278;0,206316689425841;0,0180881571911155;0,130892351447924;3,51193376025666;0,503551037291003;0,606230429394091;0,112900370583855;0,280869200022054;4157,37025084515;0,854282128477603;41,0369900611841;18
"201";"São Sebastião";2016;0,0209718839308367;0,167731164519876;0,0276162044585066;0,149443264490205;3,54137012002303;0,496618844362776;0,469171615267775;0,157021476736155;0,370951848327401;3721,45928390428;0,812874547792177;40,8988484609358;18
"202";"São Sebastião";2017;0,0183089859411742;0,163760867436848;0,0372740988081591;0,188080357296804;3,3936804090212;0,481906067973733;0,362413075606909;0,155503686866021;0,478079870338126;3780,60819339494;0,855224651698494;40,1776591551536;18
"203";"São Sebastião";2018;0,00678974734879483;0,204716833695336;0,0352538383482189;0,191685453435348;3,49552148750348;0,505333768186187;0,385149137460335;0,144189112702953;0,46525909177463;4460,11394270433;0,85033824624515;40,0042935182198;18
"204";"São Sebastião";2019;0,0121424688414572;0,168172851141633;0,0130330386824356;0,171109680283402;3,37965114502144;0,533496499259093;0,327408834330552;0,143196293481988;0,525255443183865;4552,49650710494;0,863118655591958;38,8438277214086;18
"205";"Taguatinga";2009;0,00760965970106594;0,244541821271505;0,0256799180375888;0,17998505462865;3,92378518191945;0,497802792355802;0,405536897393865;0,036157247726883;0,556643120737649;4555,40147051356;0,874189608010253;41,6834886341216;20
"206";"Taguatinga";2010;0,00781540831552207;0,255638323027851;0,0230523625372123;0,177569139625732;3,83824363593106;0,492707749805584;0,291256733645885;0,0315339671360125;0,674212122941813;4664,83208350487;0,8992472101355;41,2999261583292;20
"207";"Taguatinga";2011;0,00611984616857484;0,276738263015281;0,0229819330402289;0,167985894058706;3,77221507171076;0,481239093349327;0,335541149048126;0,0499320679231034;0,614183313799945;4633,62164057235;0,926530945352698;41,095262385076;20
"208";"Taguatinga";2012;0,00505309903315591;0,336716664386057;0,0330013423768543;0,141498316140123;3,66945532354331;0,488062992178948;0,402013119501044;0,0583331744833239;0,53891282466208;5292,85904900575;0,932275542806879;41,027632968454;20
"209";"Taguatinga";2013;0,00505205826929373;0,331330957678668;0,0297003903914323;0,13048624005187;3,635900309235;0,48061444021863;0,299994505603261;0,0508620753778662;0,647825477164698;5054,32498330183;0,923411000566714;40,6330530609482;20
"210";"Taguatinga";2014;0,00859957512391476;0,360140541754609;0,0371176890843714;0,129344535539944;3,56624285982891;0,467381931826352;0,324495563623038;0,0356485058423016;0,639250379985098;4859,17378384186;0,95306380470284;41,2539797761175;20
"211";"Taguatinga";2015;0,00505501643298987;0,340766845896581;0,0376755462500022;0,13821671544961;3,60067840779843;0,484147380572145;0,24713340583169;0,0362731785567685;0,716138797906724;4798,79835312679;0,930581266386824;40,5659232263665;20
"212";"Taguatinga";2016;0,00757764915178816;0,367834924619055;0,0377624030996788;0,128256793963448;3,49604731287899;0,487637817945571;0,278545501134469;0,0607629358703905;0,657503854199024;5318,37541089865;0,89252911462477;39,9789655583307;20
"213";"Taguatinga";2017;0,00621779413791005;0,39206647040011;0,0333389140304299;0,137516267357822;3,29940068865436;0,483763618602797;0,4283459542854;0,0718611442419041;0,492368500402301;6103,8535651287;0,873013372229759;39,8065134908038;20
"214";"Taguatinga";2018;0,00841497100867005;0,401622814379468;0,0366494739922008;0,127698214235812;3,28203398201139;0,49331527496937;0,402725473418473;0,0589719297822084;0,528957282851409;7089,78910890733;0,86937788617027;39,6015544463314;20
"215";"Taguatinga";2019;0,00553972349925669;0,433942925893714;0,026311198369778;0,131959438398759;3,22589800843427;0,486183164031607;0,357186599136557;0,0543651059314939;0,581564167435019;6200,34652972087;0,865003171230334;40,1958959775632;20
